,광고그룹,키워드,노출수,클릭수,클릭률(%),"평균클릭비용(VAT포함,원)","총비용(VAT포함,원)"
0,0. 자사명 [ 마프라 ],마프라,"9,402",65,0.7,294,"19,096"
1,0. 자사명 [ 마프라 ],마프라몰,738,29,3.93,77,"2,233"
2,0. 자사명 [ 마프라 ],물왁스,"8,069",2,0.03,325,649
3,0. 자사명 [ 마프라 ],발수코팅,2,0,0.0,0,0
4,0. 자사명 [ 마프라 ],버그클리너,771,0,0.0,0,0
5,0. 자사명 [ 마프라 ],벌레리무버,41,0,0.0,0,0
6,0. 자사명 [ 마프라 ],세차용품몰,413,6,1.46,482,"2,893"
7,0. 자사명 [ 마프라 ],세차용품쇼핑몰,577,12,2.08,930,"11,154"
8,0. 자사명 [ 마프라 ],송진제거,574,0,0.0,0,0
9,0. 자사명 [ 마프라 ],알루미늄광택제,174,0,0.0,0,0
10,0. 자사명 [ 마프라 ],앞유리발수코팅,582,1,0.18,154,154
11,0. 자사명 [ 마프라 ],유리세정제,"3,417",1,0.03,220,220
12,0. 자사명 [ 마프라 ],자동차물왁스,"3,202",3,0.1,165,495
13,0. 자사명 [ 마프라 ],자동차벌똥,"1,031",3,0.3,183,550
14,0. 자사명 [ 마프라 ],자동차세차용품쇼핑몰,44,0,0.0,0,0
15,0. 자사명 [ 마프라 ],차량세차용품세트,155,0,0.0,0,0
16,0. 자사명 [ 마프라 ],차량용세차용품,581,12,2.07,717,"8,602"
17,0. 자사명 [ 마프라 ],철분제거제,193,0,0.0,0,0
18,0. 자사명 [ 마프라 ],친수왁스,"16,552",5,0.04,77,385
19,0. 자사명 [ 마프라 ],친환경세척제,59,0,0.0,0,0
20,0. 자사명 [ 마프라 ],카샴푸,225,0,0.0,0,0
21,0. 자사명 [ 마프라 ],코팅제,7,0,0.0,0,0
22,0. 자사명 [ 마프라 ],타르제거제,"1,040",1,0.1,209,209
23,0. 자사명 [ 마프라 ],타이어광택제,103,1,0.98,176,176
24,0. 자사명 [ 마프라 ],페인트클렌저,"2,036",0,0.0,0,0
25,0. 자사명 [ 마프라 ],페클,"2,620",1,0.04,198,198
26,0. 자사명 [ 마프라 ],프리워시,"7,177",4,0.06,201,803
27,0. 자사명 [ 마프라 ],휠세정제,475,0,0.0,0,0
28,마프라 (하위)(삭제),-,"1,176",8,0.69,55,440
29,마프라 (상위)(삭제),-,455,3,0.66,55,165
30,라보(상위)(삭제),-,220,2,0.91,55,110
31,바이크(삭제),-,348,6,1.73,55,330
32,세트상품(삭제),-,4,0,0.0,0,0
33,외장관리(삭제),-,788,13,1.65,"1,581","20,559"
34,내장관리(삭제),-,189,5,2.65,"1,005","5,027"
35,탈취/방향제(삭제),-,4,1,25.0,660,660
36,세차도구(삭제),-,4,0,0.0,0,0
37,내장관리(삭제),-,"3,310",21,0.64,612,"12,848"
38,바이크(삭제),-,"20,440",60,0.3,64,"3,817"
39,세차도구(삭제),-,23,1,4.35,55,55
40,세트상품(삭제),-,90,1,1.12,55,55
41,외장관리(삭제),-,"5,652",63,1.12,"1,452","91,476"
42,탈취/방향제(삭제),-,67,4,5.98,710,"2,838"
43,휠앤타이어 TEST(삭제),-,"3,700",64,1.73,"1,744","111,617"
44,패스트블랙 TEST(삭제),-,954,15,1.58,"1,717","25,762"
45,유리관리세트(삭제),-,813,3,0.37,"1,250","3,751"
46,유리관리세트(삭제),-,"1,390",16,1.16,"1,238","19,811"
47,프리머스[프리워시 카샴푸](삭제),-,95,7,7.37,907,"6,347"
48,프리머스[프리워시 카샴푸](삭제),-,232,2,0.87,"1,089","2,178"
49,00. 브랜드키워드_상품명,-,"10,402",381,3.67,"1,373","523,215"
50,타이어세정광택제,-,"11,891",318,2.68,"1,597","507,881"
51,광택코팅제,-,"6,995",265,3.79,"1,075","284,944"
52,가죽클리너,-,"17,106",110,0.65,"1,186","130,427"
53,세차패키지,-,"15,687",231,1.48,"1,531","353,661"
54,스티커제거제,-,"24,503",118,0.49,"1,363","160,798"
55,엔진룸세척,-,233,2,0.86,55,110
56,카샴푸,-,"9,582",188,1.97,"1,449","272,404"
57,휠세정광택제,-,9,0,0.0,0,0
58,손소독제,-,141,0,0.0,0,0
59,유리코팅제,-,"19,776",166,0.84,"1,198","198,935"
60,차량용방향제,-,276,12,4.35,705,"8,459"
61,유리세정제,-,"5,688",135,2.38,"1,417","191,334"
62,00. 마프라 2,-,"4,097",191,4.67,"1,476","281,908"
63,01. 타이어세정광택제,-,"2,563",98,3.83,"1,672","163,823"
64,02. 광택코팅제,-,"1,929",93,4.83,"1,265","117,623"
65,03. 가죽클리너,-,627,26,4.15,"1,048","27,247"
66,04. 세차패키지,-,"2,356",42,1.79,"1,486","62,392"
67,05. 스티커제거제,-,"5,095",47,0.93,"1,460","68,607"
68,06. 엔진룸세척,-,30,0,0.0,0,0
69,07. 카샴푸,-,768,19,2.48,"1,077","20,460"
70,09. 손소독제,-,"1,159",2,0.18,"1,205","2,409"
71,10. 유리코팅제,-,"8,972",80,0.9,"1,292","103,356"
72,11. 차량용방향제,-,52,4,7.7,682,"2,728"
73,12. 유리세정제,-,"1,546",23,1.49,"1,049","24,123"
74,00. 마프라 2,-,"2,487",108,4.35,"1,434","154,913"
75,01. 타이어세정광택제,-,2,0,0.0,0,0
76,02. 광택코팅제,-,214,14,6.55,"1,113","15,576"
77,03. 가죽클리너,-,75,1,1.34,"1,617","1,617"
78,04. 세차패키지,-,584,14,2.4,"1,307","18,293"
79,05. 스티커제거제,-,152,4,2.64,"1,257","5,027"
80,06. 엔진룸세척,-,1,0,0.0,0,0
81,07. 카샴푸,-,11,0,0.0,0,0
82,09. 손소독제,-,21,0,0.0,0,0
83,10. 유리코팅제,-,"1,490",14,0.94,"1,075","15,048"
84,11. 차량용방향제,-,6,1,16.67,616,616
85,12. 유리세정제,-,177,3,1.7,"1,155","3,465"
86,00. 마프라 2,-,"2,799",171,6.11,"1,399","239,206"
87,01. 타이어세정광택제,-,"3,117",81,2.6,"1,622","131,373"
88,02. 광택코팅제,-,"1,850",82,4.44,"1,107","90,805"
89,03. 가죽클리너,-,"4,125",24,0.59,"1,228","29,469"
90,04. 세차패키지,-,"5,128",78,1.53,"1,469","114,565"
91,05. 스티커제거제,-,"5,860",33,0.57,"1,375","45,364"
92,06. 엔진룸세척,-,37,0,0.0,0,0
93,07. 카샴푸,-,"2,443",37,1.52,"1,519","56,210"
94,08. 휠세정광택제,-,1,0,0.0,0,0
95,09. 손소독제,-,43,0,0.0,0,0
96,10. 유리코팅제,-,"3,847",51,1.33,"1,111","56,672"
97,11. 차량용방향제,-,34,1,2.95,572,572
98,12. 유리세정제,-,949,15,1.59,"1,380","20,702"
99,브랜드검색_PC,라보코스메티카,178,57,32.03,0,0
100,브랜드검색_PC,마프라,"1,933",764,39.53,0,0
101,브랜드검색_PC,마프라가죽,27,2,7.41,0,0
102,브랜드검색_PC,마프라가죽세정제,22,1,4.55,0,0
103,브랜드검색_PC,마프라몰,184,85,46.2,0,0
104,브랜드검색_PC,마프라에네르고,50,5,10.0,0,0
105,브랜드검색_PC,마프라왁스,29,4,13.8,0,0
106,브랜드검색_PC,마프라패스트블랙,28,0,0.0,0,0
107,브랜드검색_PC,마프라휠앤타이어,567,36,6.35,0,0
108,브랜드검색_모바일,라보코스메티카,684,149,21.79,0,0
109,브랜드검색_모바일,마프라,"5,510","1,561",28.34,0,0
110,브랜드검색_모바일,마프라가죽,84,3,3.58,0,0
111,브랜드검색_모바일,마프라가죽세정제,44,3,6.82,0,0
112,브랜드검색_모바일,마프라몰,307,92,29.97,0,0
113,브랜드검색_모바일,마프라에네르고,108,4,3.71,0,0
114,브랜드검색_모바일,마프라왁스,174,11,6.33,0,0
115,브랜드검색_모바일,마프라패스트블랙,61,3,4.92,0,0
116,브랜드검색_모바일,마프라휠앤타이어,"4,112",369,8.98,0,0
0,0. 자사명 [ 마프라 ],마프라,"40,275","1,458",3.63,535,"780,153"
1,0. 자사명 [ 마프라 ],마프라몰,692,19,2.75,77,"1,463"
2,0. 자사명 [ 마프라 ],물왁스,"14,441",0,0.0,0,0
3,0. 자사명 [ 마프라 ],발수코팅,8,0,0.0,0,0
4,0. 자사명 [ 마프라 ],버그클리너,"25,148",35,0.14,305,"10,670"
5,0. 자사명 [ 마프라 ],벌레리무버,555,1,0.19,319,319
6,0. 자사명 [ 마프라 ],세차용품몰,653,6,0.92,469,"2,816"
7,0. 자사명 [ 마프라 ],세차용품쇼핑몰,906,13,1.44,927,"12,045"
8,0. 자사명 [ 마프라 ],송진제거,"3,977",4,0.11,275,"1,100"
9,0. 자사명 [ 마프라 ],알루미늄광택제,304,0,0.0,0,0
10,0. 자사명 [ 마프라 ],앞유리발수코팅,"1,005",1,0.1,176,176
11,0. 자사명 [ 마프라 ],유리세정제,"6,965",1,0.02,176,176
12,0. 자사명 [ 마프라 ],자동차물왁스,"3,766",3,0.08,187,561
13,0. 자사명 [ 마프라 ],자동차벌똥,"5,621",4,0.08,193,770
14,0. 자사명 [ 마프라 ],자동차세차용품쇼핑몰,69,0,0.0,0,0
15,0. 자사명 [ 마프라 ],차량세차용품세트,331,0,0.0,0,0
16,0. 자사명 [ 마프라 ],차량용세차용품,959,19,1.99,701,"13,310"
17,0. 자사명 [ 마프라 ],철분제거제,98,0,0.0,0,0
18,0. 자사명 [ 마프라 ],친수왁스,"8,994",11,0.13,77,847
19,0. 자사명 [ 마프라 ],친환경세척제,61,0,0.0,0,0
20,0. 자사명 [ 마프라 ],카샴푸,"2,750",3,0.11,220,660
21,0. 자사명 [ 마프라 ],코팅제,8,0,0.0,0,0
22,0. 자사명 [ 마프라 ],타르제거제,"1,138",0,0.0,0,0
23,0. 자사명 [ 마프라 ],타이어광택제,588,0,0.0,0,0
24,0. 자사명 [ 마프라 ],페인트클렌저,"12,280",2,0.02,308,616
25,0. 자사명 [ 마프라 ],페클,"10,514",5,0.05,180,902
26,0. 자사명 [ 마프라 ],프리워시,"10,408",9,0.09,177,"1,595"
27,0. 자사명 [ 마프라 ],휠세정제,510,0,0.0,0,0
28,01. 타이어세정광택제,타이어갈변제거,27,1,3.71,198,198
29,01. 타이어세정광택제,패스트앤블랙,1,0,0.0,0,0
30,01. 타이어세정광택제,휠앤타이어,3,0,0.0,0,0
31,02. 광택코팅제,왁스탈지제,2,0,0.0,0,0
32,02. 광택코팅제,카럭스,20,0,0.0,0,0
33,03. 가죽클리너,더마클리너,5,0,0.0,0,0
34,04. 스티커제거제(버그클리너),레진오프,3,0,0.0,0,0
35,04. 스티커제거제(버그클리너),송진제거제,1,0,0.0,0,0
36,05. 엔진룸세척,라보코스메티카프리워시,1,0,0.0,0,0
37,07. 휠세정광택제,체인루브,11,0,0.0,0,0
38,08. 유리코팅제,소분통,3,0,0.0,0,0
39,08. 유리코팅제,아쿠아벨록스,20,0,0.0,0,0
40,08. 유리코팅제,에네르고,8,0,0.0,0,0
41,00. 브랜드키워드_상품명,-,"24,217","1,300",5.37,837,"1,087,460"
42,타이어세정광택제,-,"34,895","1,077",3.09,"1,519","1,635,458"
43,광택코팅제,-,"19,646",781,3.98,900,"702,999"
44,가죽클리너,-,"59,858",667,1.12,"1,552","1,035,133"
45,세차패키지,-,"44,771",741,1.66,"1,688","1,250,623"
46,스티커제거제,-,"60,701","1,710",2.82,"1,494","2,554,431"
47,엔진룸세척,-,648,5,0.78,55,275
48,카샴푸,-,"57,218","1,152",2.02,"1,562","1,799,369"
49,휠세정광택제,-,"3,186",113,3.55,"1,884","212,905"
50,손소독제,-,149,0,0.0,0,0
51,유리코팅제,-,"54,498",566,1.04,"1,114","630,289"
52,차량용방향제,-,"43,080",42,0.1,"1,651","69,333"
53,유리세정제,-,"17,841",584,3.28,"1,373","801,878"
54,00. 마프라 2,-,"6,764",495,7.32,901,"445,830"
55,01. 타이어세정광택제,-,"10,639",435,4.09,"1,537","668,580"
56,02. 광택코팅제,-,"5,017",194,3.87,"1,116","216,590"
57,03. 가죽클리너,-,"1,643",68,4.14,"1,043","70,928"
58,04. 세차패키지,-,"6,033",80,1.33,"1,612","128,942"
59,05. 스티커제거제,-,"20,856",529,2.54,"1,604","848,683"
60,06. 엔진룸세척,-,101,1,1.0,55,55
61,07. 카샴푸,-,"9,445",202,2.14,"1,176","237,622"
62,08. 휠세정광택제,-,"1,269",51,4.02,"2,062","105,171"
63,09. 손소독제,-,542,0,0.0,0,0
64,10. 유리코팅제,-,"22,753",207,0.91,"1,361","281,644"
65,11. 차량용방향제,-,"9,896",34,0.35,"1,469","49,940"
66,12. 유리세정제,-,"4,098",77,1.88,"1,025","78,936"
67,00. 마프라 2,-,"8,320",350,4.21,"1,173","410,520"
68,01. 타이어세정광택제,-,"1,597",61,3.82,"1,596","97,361"
69,02. 광택코팅제,-,"1,424",50,3.52,"1,185","59,235"
70,03. 가죽클리너,-,708,24,3.39,"1,353","32,472"
71,04. 세차패키지,-,"1,326",13,0.99,"1,514","19,679"
72,05. 스티커제거제,-,"2,708",105,3.88,"1,593","167,222"
73,06. 엔진룸세척,-,186,6,3.23,869,"5,214"
74,07. 카샴푸,-,"2,339",65,2.78,"1,298","84,359"
75,08. 휠세정광택제,-,200,8,4.0,"1,913","15,301"
76,09. 손소독제,-,64,0,0.0,0,0
77,10. 유리코팅제,-,"8,703",93,1.07,"1,438","133,749"
78,11. 차량용방향제,-,"2,942",10,0.34,"1,778","17,776"
79,12. 유리세정제,-,"1,127",33,2.93,"1,190","39,259"
80,00. 마프라 2,-,"6,516",441,6.77,875,"386,012"
81,01. 타이어세정광택제,-,"23,257",664,2.86,"1,572","1,043,779"
82,02. 광택코팅제,-,"14,362",422,2.94,"1,171","494,065"
83,03. 가죽클리너,-,"31,359",264,0.85,"1,606","423,984"
84,04. 세차패키지,-,"17,558",155,0.89,"1,461","226,446"
85,05. 스티커제거제,-,"31,675",631,2.0,"1,530","965,118"
86,06. 엔진룸세척,-,"1,102",14,1.28,868,"12,155"
87,07. 카샴푸,-,"18,805",352,1.88,"1,309","460,669"
88,08. 휠세정광택제,-,"1,402",43,3.07,"1,798","77,308"
89,09. 손소독제,-,27,0,0.0,0,0
90,10. 유리코팅제,-,"34,613",393,1.14,"1,298","510,169"
91,11. 차량용방향제,-,"28,423",51,0.18,"1,507","76,868"
92,12. 유리세정제,-,"7,416",262,3.54,"1,382","361,988"
93,방수스프레이,-,"8,555",206,2.41,987,"203,313"
94,13. 방수스프레이,-,979,14,1.44,988,"13,827"
95,차량용옷걸이,-,843,35,4.16,959,"33,572"
96,14. 차량용옷걸이,-,473,20,4.23,991,"19,811"
97,14. 차량용옷걸이,-,331,3,0.91,803,"2,409"
98,14. 차량용옷걸이,-,242,5,2.07,763,"3,817"
99,13. 방수스프레이,-,424,11,2.6,"1,049","11,539"
100,13. 방수스프레이,-,37,0,0.0,0,0
101,00. 브랜드키워드_마프라,-,"9,502",188,1.98,528,"99,198"
102,00. 마프라 1,-,"2,464",65,2.64,530,"34,474"
103,00. 마프라 1,-,"2,592",53,2.05,577,"30,558"
104,00. 마프라 1,-,88,4,4.55,391,"1,562"
105,브랜드검색_PC,라보코스메티카,"1,003",447,44.57,0,0
106,브랜드검색_PC,마프라,"4,717","2,121",44.97,0,0
107,브랜드검색_PC,마프라가죽,50,4,8.0,0,0
108,브랜드검색_PC,마프라가죽세정제,40,0,0.0,0,0
109,브랜드검색_PC,마프라몰,184,84,45.66,0,0
110,브랜드검색_PC,마프라에네르고,72,8,11.12,0,0
111,브랜드검색_PC,마프라왁스,71,11,15.5,0,0
112,브랜드검색_PC,마프라패스트블랙,64,3,4.69,0,0
113,브랜드검색_PC,마프라휠앤타이어,"2,168",158,7.29,0,0
114,브랜드검색_모바일,라보코스메티카,"3,993",992,24.85,0,0
115,브랜드검색_모바일,마프라,"13,767","5,007",36.37,0,0
116,브랜드검색_모바일,마프라가죽,240,9,3.75,0,0
117,브랜드검색_모바일,마프라가죽세정제,126,6,4.77,0,0
118,브랜드검색_모바일,마프라몰,409,148,36.19,0,0
119,브랜드검색_모바일,마프라에네르고,248,10,4.04,0,0
120,브랜드검색_모바일,마프라왁스,360,12,3.34,0,0
121,브랜드검색_모바일,마프라패스트블랙,127,6,4.73,0,0
122,브랜드검색_모바일,마프라휠앤타이어,"8,391",690,8.23,0,0
0,0. 자사명 [ 마프라 ],마프라,"9,772",549,5.62,499,"273,746"
1,0. 자사명 [ 마프라 ],마프라라스트터치,135,3,2.23,176,528
2,0. 자사명 [ 마프라 ],마프라몰,82,5,6.1,77,385
3,0. 자사명 [ 마프라 ],마프라버그클리너,46,1,2.18,550,550
4,0. 자사명 [ 마프라 ],마프라송진제거,13,0,0.0,0,0
5,0. 자사명 [ 마프라 ],마프라카럭스,171,0,0.0,0,0
6,0. 자사명 [ 마프라 ],마프라카샴푸,191,4,2.1,278,"1,111"
7,0. 자사명 [ 마프라 ],마프라패스트블랙,11,0,0.0,0,0
8,0. 자사명 [ 마프라 ],마프라폴아웃,237,0,0.0,0,0
9,0. 자사명 [ 마프라 ],마프라퓨리피카,105,1,0.96,220,220
10,0. 자사명 [ 마프라 ],마프라프리머스,560,13,2.33,462,"6,006"
11,0. 자사명 [ 마프라 ],마프라휠앤타이어,"2,383",15,0.63,251,"3,762"
12,0. 자사명 [ 마프라 ],페인트클렌져,"13,659",35,0.26,981,"34,331"
13,0. 자사명 [ 마프라 ],페인트클렌징,235,0,0.0,0,0
14,0. 라보코스메티카,3PH,140,1,0.72,77,77
15,0. 라보코스메티카,라보3PH,7,0,0.0,0,0
16,0. 라보코스메티카,라보코스메티카,"1,084",182,16.79,360,"65,483"
17,0. 라보코스메티카,라보코스메티카에네르고,1,0,0.0,0,0
18,0. 라보코스메티카,라보코스메티카퓨리피카,117,2,1.71,77,154
19,0. 라보코스메티카,라보코스메티카프리머스,368,0,0.0,0,0
20,0. 라보코스메티카,에네르고,108,3,2.78,77,231
21,0. 라보코스메티카,프리워시,1,0,0.0,0,0
22,#. 세차타올,드라잉타월,11,1,9.1,77,77
23,#. 세차타올,버핑타월,14,0,0.0,0,0
24,#. 세차타올,세차드라잉타월,16,0,0.0,0,0
25,#. 세차타올,세차타올,10,0,0.0,0,0
26,#. 세차타올,세차타월,11,0,0.0,0,0
27,#. 세차타올,유리타월,7,0,0.0,0,0
28,#. 세차타올,잇츠윈,13,0,0.0,0,0
29,#. 세차타올,퓨어스타,97,2,2.07,77,154
30,#. 세차용품,디테일링,143,3,2.1,194,583
31,#. 세차용품,디테일링세차,81,1,1.24,209,209
32,#. 세차용품,세차용품사이트,186,5,2.69,220,"1,100"
33,#. 세차용품,세차용품점,686,7,1.03,201,"1,408"
34,#. 세차용품,세차용품추천,33,3,9.1,220,660
35,#. 세차용품,셀프세차용품,114,3,2.64,220,660
36,#. 세차용품,자동차세차용품,134,4,2.99,220,880
37,0. 자사명 [ 마프라 ],MAFRA,"2,501",10,0.4,138,"1,375"
38,0. 자사명 [ 마프라 ],글라스클리너,327,1,0.31,99,99
39,0. 자사명 [ 마프라 ],글라스클린앤샤인,7,0,0.0,0,0
40,0. 자사명 [ 마프라 ],노이르,22,1,4.55,77,77
41,0. 자사명 [ 마프라 ],데카플래쉬,2,0,0.0,0,0
42,0. 자사명 [ 마프라 ],레더3IN1,1,0,0.0,0,0
43,0. 자사명 [ 마프라 ],레진오프,87,1,1.15,77,77
44,0. 자사명 [ 마프라 ],마프라,"26,946","1,533",5.69,466,"713,878"
45,0. 자사명 [ 마프라 ],마프라HP12,87,1,1.15,462,462
46,0. 자사명 [ 마프라 ],마프라가죽세정제,51,0,0.0,0,0
47,0. 자사명 [ 마프라 ],마프라가죽코팅제,7,0,0.0,0,0
48,0. 자사명 [ 마프라 ],마프라고체왁스,9,3,33.34,77,231
49,0. 자사명 [ 마프라 ],마프라극세사타월,1,0,0.0,0,0
50,0. 자사명 [ 마프라 ],마프라글라스클리너,59,1,1.7,77,77
51,0. 자사명 [ 마프라 ],마프라글라스클린앤샤인,10,0,0.0,0,0
52,0. 자사명 [ 마프라 ],마프라노이르,14,0,0.0,0,0
53,0. 자사명 [ 마프라 ],마프라라스트터치,17,0,0.0,0,0
54,0. 자사명 [ 마프라 ],마프라레더3IN1,5,2,40.0,77,154
55,0. 자사명 [ 마프라 ],마프라레진오프,95,0,0.0,0,0
56,0. 자사명 [ 마프라 ],마프라메탈카,23,0,0.0,0,0
57,0. 자사명 [ 마프라 ],마프라메탈크림,54,3,5.56,77,231
58,0. 자사명 [ 마프라 ],마프라몰,318,26,8.18,77,"2,002"
59,0. 자사명 [ 마프라 ],마프라물왁스,139,2,1.44,88,176
60,0. 자사명 [ 마프라 ],마프라방향제,329,1,0.31,99,99
61,0. 자사명 [ 마프라 ],마프라버그크리너,5,0,0.0,0,0
62,0. 자사명 [ 마프라 ],마프라버그클리너,164,3,1.83,510,"1,529"
63,0. 자사명 [ 마프라 ],마프라버킷,119,0,0.0,0,0
64,0. 자사명 [ 마프라 ],마프라버핑타월,5,1,20.0,77,77
65,0. 자사명 [ 마프라 ],마프라샴푸,9,0,0.0,0,0
66,0. 자사명 [ 마프라 ],마프라샴푸파워,25,0,0.0,0,0
67,0. 자사명 [ 마프라 ],마프라세차버킷,17,0,0.0,0,0
68,0. 자사명 [ 마프라 ],마프라세차타월,1,0,0.0,0,0
69,0. 자사명 [ 마프라 ],마프라송진제거,22,0,0.0,0,0
70,0. 자사명 [ 마프라 ],마프라송진제거제,71,1,1.41,121,121
71,0. 자사명 [ 마프라 ],마프라스크래치리무버,40,1,2.5,77,77
72,0. 자사명 [ 마프라 ],마프라스플렌돌레가,2,0,0.0,0,0
73,0. 자사명 [ 마프라 ],마프라스플릿,119,4,3.37,77,308
74,0. 자사명 [ 마프라 ],마프라실내방향제,4,0,0.0,0,0
75,0. 자사명 [ 마프라 ],마프라실내세정제,111,5,4.51,77,385
76,0. 자사명 [ 마프라 ],마프라실내탈취제,1,0,0.0,0,0
77,0. 자사명 [ 마프라 ],마프라액체왁스,9,1,11.12,77,77
78,0. 자사명 [ 마프라 ],마프라왁스,233,2,0.86,132,264
79,0. 자사명 [ 마프라 ],마프라유리막,24,0,0.0,0,0
80,0. 자사명 [ 마프라 ],마프라유리막코팅,11,0,0.0,0,0
81,0. 자사명 [ 마프라 ],마프라유리막코팅제,13,0,0.0,0,0
82,0. 자사명 [ 마프라 ],마프라유리세정제,362,3,0.83,99,297
83,0. 자사명 [ 마프라 ],마프라유리코팅제,6,3,50.0,77,231
84,0. 자사명 [ 마프라 ],마프라자동차왁스,1,0,0.0,0,0
85,0. 자사명 [ 마프라 ],마프라차량방향제,10,0,0.0,0,0
86,0. 자사명 [ 마프라 ],마프라철분제거제,188,0,0.0,0,0
87,0. 자사명 [ 마프라 ],마프라카럭스,8,0,0.0,0,0
88,0. 자사명 [ 마프라 ],마프라카샴푸,128,2,1.57,281,561
89,0. 자사명 [ 마프라 ],마프라컴파운드,65,1,1.54,77,77
90,0. 자사명 [ 마프라 ],마프라코팅제,31,1,3.23,77,77
91,0. 자사명 [ 마프라 ],마프라퀵디테일러,34,1,2.95,66,66
92,0. 자사명 [ 마프라 ],마프라클린앤샤인,3,0,0.0,0,0
93,0. 자사명 [ 마프라 ],마프라타르제거제,8,0,0.0,0,0
94,0. 자사명 [ 마프라 ],마프라타월,7,0,0.0,0,0
95,0. 자사명 [ 마프라 ],마프라타이어광택제,68,0,0.0,0,0
96,0. 자사명 [ 마프라 ],마프라타이어세정제,9,1,11.12,132,132
97,0. 자사명 [ 마프라 ],마프라탈취제,150,2,1.34,77,154
98,0. 자사명 [ 마프라 ],마프라판타지,172,4,2.33,77,308
99,0. 자사명 [ 마프라 ],마프라팝아트,28,0,0.0,0,0
100,0. 자사명 [ 마프라 ],마프라패스트블랙,94,0,0.0,0,0
101,0. 자사명 [ 마프라 ],마프라패스트앤블랙,259,0,0.0,0,0
102,0. 자사명 [ 마프라 ],마프라패스트클리너,52,0,0.0,0,0
103,0. 자사명 [ 마프라 ],마프라페인트클렌저,39,0,0.0,0,0
104,0. 자사명 [ 마프라 ],마프라페인트클렌져,35,0,0.0,0,0
105,0. 자사명 [ 마프라 ],마프라페클,58,1,1.73,77,77
106,0. 자사명 [ 마프라 ],마프라폴리쉬클레버,1,0,0.0,0,0
107,0. 자사명 [ 마프라 ],마프라폴아웃,486,1,0.21,121,121
108,0. 자사명 [ 마프라 ],마프라폴아웃리무버,10,0,0.0,0,0
109,0. 자사명 [ 마프라 ],마프라풀리맥스,274,1,0.37,77,77
110,0. 자사명 [ 마프라 ],마프라플라스틱3IN1,48,3,6.25,77,231
111,0. 자사명 [ 마프라 ],마프라플라스틱코팅제,17,1,5.89,77,77
112,0. 자사명 [ 마프라 ],마프라휠광택제,12,0,0.0,0,0
113,0. 자사명 [ 마프라 ],마프라휠세정제,103,3,2.92,77,231
114,0. 자사명 [ 마프라 ],마프라휠앤타이어,"1,991",22,1.11,319,"7,018"
115,0. 자사명 [ 마프라 ],마프라휠앤타이어클리너,20,1,5.0,77,77
116,0. 자사명 [ 마프라 ],마프라휠철분제거제,1,0,0.0,0,0
117,0. 자사명 [ 마프라 ],마프라휠타이어,20,0,0.0,0,0
118,0. 자사명 [ 마프라 ],마프라흠집제거제,3,0,0.0,0,0
119,0. 자사명 [ 마프라 ],메탈카,27,1,3.71,77,77
120,0. 자사명 [ 마프라 ],메탈크림,55,0,0.0,0,0
121,0. 자사명 [ 마프라 ],샴푸앤왁스,2,0,0.0,0,0
122,0. 자사명 [ 마프라 ],샴푸파워,6,0,0.0,0,0
123,0. 자사명 [ 마프라 ],스크래치리무버,"2,383",3,0.13,238,715
124,0. 자사명 [ 마프라 ],스플렌돌레가,2,0,0.0,0,0
125,0. 자사명 [ 마프라 ],스플릿,"72,167",48,0.07,78,"3,729"
126,0. 자사명 [ 마프라 ],유리세정제,"10,259",2,0.02,501,"1,001"
127,0. 자사명 [ 마프라 ],패스트클리너,52,0,0.0,0,0
128,0. 자사명 [ 마프라 ],페인트클렌져,"7,795",8,0.11,539,"4,312"
129,0. 자사명 [ 마프라 ],페인트클렌징,169,0,0.0,0,0
130,0. 자사명 [ 마프라 ],폴아웃,"6,277",1,0.02,77,77
131,0. 자사명 [ 마프라 ],폴아웃리무버,6,0,0.0,0,0
132,0. 자사명 [ 마프라 ],플라스틱3IN1,4,0,0.0,0,0
133,0. 자사명 [ 마프라 ],휠앤타이어,136,0,0.0,0,0
134,0. 자사명 [ 마프라 ],휠앤타이어클리너,18,1,5.56,319,319
135,0. 자사명 [ 마프라 ],휠타이어,"12,527",15,0.12,487,"7,304"
136,#. 송진제거,나무송진제거,59,0,0.0,0,0
137,#. 송진제거,송진제거,764,6,0.79,218,"1,309"
138,#. 송진제거,송진제거제,190,0,0.0,0,0
139,#. 송진제거,자동차송진,13,0,0.0,0,0
140,#. 송진제거,자동차송진액,236,1,0.43,99,99
141,#. 송진제거,자동차송진제거,"3,894",13,0.34,219,"2,849"
142,#. 송진제거,자동차송진제거제,89,5,5.62,77,385
143,#. 송진제거,차유리송진,424,3,0.71,136,407
144,01.데카플래쉬,데카플래쉬,68,9,13.24,77,693
145,01.데카플래쉬,마프라데카플래쉬,45,1,2.23,77,77
146,01.데카플래쉬,마프라스티커제거제,7,0,0.0,0,0
147,01.데카플래쉬,마프라타르제거제,186,1,0.54,77,77
148,01.데카플래쉬,스티커제거,294,0,0.0,0,0
149,01.데카플래쉬,스티커제거방법,"40,184",144,0.36,199,"28,688"
150,01.데카플래쉬,스티커제거제,"2,831",0,0.0,0,0
151,01.데카플래쉬,자동차스티커제거,988,0,0.0,0,0
152,01.데카플래쉬,자동차타르제거,185,0,0.0,0,0
153,01.데카플래쉬,자동차타르제거제,"1,260",34,2.7,215,"7,315"
154,01.데카플래쉬,차량스티커제거,"1,241",4,0.33,220,880
155,01.데카플래쉬,타르제거,"4,279",4,0.1,212,847
156,01.데카플래쉬,타르제거제,"1,870",4,0.22,206,825
157,0. 라보코스메티카,3PH,"14,103",19,0.14,95,"1,804"
158,0. 라보코스메티카,SIDERO,46,3,6.53,77,231
159,0. 라보코스메티카,네베,"1,046",4,0.39,85,341
160,0. 라보코스메티카,더마실란트,168,2,1.2,77,154
161,0. 라보코스메티카,덕티레,96,0,0.0,0,0
162,0. 라보코스메티카,라보3PH,110,18,16.37,77,"1,386"
163,0. 라보코스메티카,라보코스메티카,"5,702",445,7.81,314,"139,788"
164,0. 라보코스메티카,라보코스메티카가죽세정제,1,0,0.0,0,0
165,0. 라보코스메티카,라보코스메티카광택제,4,0,0.0,0,0
166,0. 라보코스메티카,라보코스메티카네베,100,4,4.0,77,308
167,0. 라보코스메티카,라보코스메티카더마실란트,15,1,6.67,77,77
168,0. 라보코스메티카,라보코스메티카더마클리너,28,1,3.58,77,77
169,0. 라보코스메티카,라보코스메티카덕티레,30,4,13.34,77,308
170,0. 라보코스메티카,라보코스메티카디테일러,1,0,0.0,0,0
171,0. 라보코스메티카,라보코스메티카레비타,85,2,2.36,77,154
172,0. 라보코스메티카,라보코스메티카리플렉토,65,1,1.54,77,77
173,0. 라보코스메티카,라보코스메티카물왁스,1,0,0.0,0,0
174,0. 라보코스메티카,라보코스메티카발수코팅제,1,0,0.0,0,0
175,0. 라보코스메티카,라보코스메티카베네레,303,2,0.67,77,154
176,0. 라보코스메티카,라보코스메티카베네피시아,80,3,3.75,77,231
177,0. 라보코스메티카,라보코스메티카베리타스,34,1,2.95,77,77
178,0. 라보코스메티카,라보코스메티카셈퍼,164,1,0.61,77,77
179,0. 라보코스메티카,라보코스메티카시데로,131,3,2.3,99,297
180,0. 라보코스메티카,라보코스메티카실내세정제,1,0,0.0,0,0
181,0. 라보코스메티카,라보코스메티카아쿠아벨록스,7,1,14.29,77,77
182,0. 라보코스메티카,라보코스메티카에네르고,49,0,0.0,0,0
183,0. 라보코스메티카,라보코스메티카유리발수코팅제,1,0,0.0,0,0
184,0. 라보코스메티카,라보코스메티카유막제거제,3,0,0.0,0,0
185,0. 라보코스메티카,라보코스메티카철분제거제,21,0,0.0,0,0
186,0. 라보코스메티카,라보코스메티카카샴푸,37,1,2.71,77,77
187,0. 라보코스메티카,라보코스메티카코팅제,5,0,0.0,0,0
188,0. 라보코스메티카,라보코스메티카퀵디테일러,31,1,3.23,77,77
189,0. 라보코스메티카,라보코스메티카큐피도,106,0,0.0,0,0
190,0. 라보코스메티카,라보코스메티카퍼펙타,459,3,0.66,77,231
191,0. 라보코스메티카,라보코스메티카퓨리피카,392,6,1.54,88,528
192,0. 라보코스메티카,라보코스메티카퓨리피카4.5L,9,2,22.23,77,154
193,0. 라보코스메티카,라보코스메티카퓨리피카대용량,1,0,0.0,0,0
194,0. 라보코스메티카,라보코스메티카프리머스,"1,908",8,0.42,99,792
195,0. 라보코스메티카,라보코스메티카프리워시,48,1,2.09,77,77
196,0. 라보코스메티카,라보코스메티카피레이,34,0,0.0,0,0
197,0. 라보코스메티카,라보코스메티카하이드라,67,0,0.0,0,0
198,0. 라보코스메티카,레비타,767,3,0.4,180,539
199,0. 라보코스메티카,리플렉토,561,4,0.72,77,308
200,0. 라보코스메티카,마프라네베,81,2,2.47,77,154
201,0. 라보코스메티카,마프라더마실란트,50,3,6.0,77,231
202,0. 라보코스메티카,마프라더마클리너,7,0,0.0,0,0
203,0. 라보코스메티카,마프라덕티레,23,1,4.35,77,77
204,0. 라보코스메티카,마프라라보코스메티카시데로,5,0,0.0,0,0
205,0. 라보코스메티카,마프라레비타,79,1,1.27,77,77
206,0. 라보코스메티카,마프라리플렉토,58,1,1.73,77,77
207,0. 라보코스메티카,마프라베네레,200,6,3.0,77,462
208,0. 라보코스메티카,마프라베네피시아,96,0,0.0,0,0
209,0. 라보코스메티카,마프라베리타스,86,2,2.33,77,154
210,0. 라보코스메티카,마프라셈퍼,157,1,0.64,77,77
211,0. 라보코스메티카,마프라시데로,808,36,4.46,78,"2,816"
212,0. 라보코스메티카,마프라아쿠아벨록스,103,1,0.98,110,110
213,0. 라보코스메티카,마프라에네르고,157,3,1.92,209,627
214,0. 라보코스메티카,마프라큐피도,"1,204",2,0.17,77,154
215,0. 라보코스메티카,마프라퍼펙타,192,2,1.05,77,154
216,0. 라보코스메티카,마프라퓨리피카,406,2,0.5,242,484
217,0. 라보코스메티카,마프라프리머스,"1,823",19,1.05,317,"6,017"
218,0. 라보코스메티카,마프라피레이,63,1,1.59,77,77
219,0. 라보코스메티카,마프라하이드라,63,2,3.18,77,154
220,0. 라보코스메티카,베네레,916,18,1.97,77,"1,386"
221,0. 라보코스메티카,베네피시아,796,7,0.88,77,539
222,0. 라보코스메티카,셈퍼,578,2,0.35,77,154
223,0. 라보코스메티카,시데로,"1,348",44,3.27,77,"3,388"
224,0. 라보코스메티카,아쿠아벨록스,512,0,0.0,0,0
225,0. 라보코스메티카,에네르고,"1,406",8,0.57,182,"1,452"
226,0. 라보코스메티카,큐피도,"1,028",4,0.39,88,352
227,0. 라보코스메티카,퍼펙타,"4,984",19,0.39,424,"8,063"
228,0. 라보코스메티카,퓨리피카,"10,630",26,0.25,105,"2,739"
229,0. 라보코스메티카,퓨리피카4.5,57,1,1.76,77,77
230,0. 라보코스메티카,퓨리피카4.5L,11,0,0.0,0,0
231,0. 라보코스메티카,퓨리피카대용량,5,0,0.0,0,0
232,0. 라보코스메티카,프리머스,"28,609",196,0.69,359,"70,367"
233,0. 라보코스메티카,프리워시,"40,996",85,0.21,684,"58,179"
234,0. 라보코스메티카,피레이,586,0,0.0,0,0
235,0. 라보코스메티카,하이드라,"28,454",6,0.03,409,"2,453"
236,01. 타이어세정광택제(휠앤타이어/노이르),갈변제거,"8,673",22,0.26,191,"4,191"
237,01. 타이어세정광택제(휠앤타이어/노이르),노이르,79,1,1.27,77,77
238,01. 타이어세정광택제(휠앤타이어/노이르),마프라노이르,83,0,0.0,0,0
239,01. 타이어세정광택제(휠앤타이어/노이르),마프라타이어광택제,223,1,0.45,165,165
240,01. 타이어세정광택제(휠앤타이어/노이르),마프라타이어세정제,17,0,0.0,0,0
241,01. 타이어세정광택제(휠앤타이어/노이르),마프라휠앤타이어,"6,808",51,0.75,261,"13,321"
242,01. 타이어세정광택제(휠앤타이어/노이르),마프라휠앤타이어클리너,102,3,2.95,77,231
243,01. 타이어세정광택제(휠앤타이어/노이르),마프라휠타이어,81,0,0.0,0,0
244,01. 타이어세정광택제(휠앤타이어/노이르),타이어갈변제거,"1,439",9,0.63,215,"1,936"
245,01. 타이어세정광택제(휠앤타이어/노이르),타이어복원제,86,1,1.17,165,165
246,01. 타이어세정광택제(휠앤타이어/노이르),타이어세정광택제,"4,115",4,0.1,83,330
247,01. 타이어세정광택제(휠앤타이어/노이르),패스트앤블랙,282,1,0.36,88,88
248,01. 타이어세정광택제(휠앤타이어/노이르),휠세정제,61,0,0.0,0,0
249,01. 타이어세정광택제(휠앤타이어/노이르),휠앤타이어,721,2,0.28,77,154
250,01. 타이어세정광택제(휠앤타이어/노이르),휠앤타이어클리너,54,0,0.0,0,0
251,01. 타이어세정광택제(휠앤타이어/노이르),휠타이어,"89,160",125,0.15,551,"68,893"
252,"02.광택코팅제(터치,카럭스,파스포일러,클레버)",라스트터치,933,3,0.33,88,264
253,"02.광택코팅제(터치,카럭스,파스포일러,클레버)",마프라광택제,66,1,1.52,77,77
254,"02.광택코팅제(터치,카럭스,파스포일러,클레버)",마프라광택코팅제,1,0,0.0,0,0
255,"02.광택코팅제(터치,카럭스,파스포일러,클레버)",마프라라스트터치,451,3,0.67,88,264
256,"02.광택코팅제(터치,카럭스,파스포일러,클레버)",마프라카럭스,561,3,0.54,231,693
257,"02.광택코팅제(터치,카럭스,파스포일러,클레버)",마프라파스포일러,42,0,0.0,0,0
258,"02.광택코팅제(터치,카럭스,파스포일러,클레버)",마프라폴리쉬클레버,21,0,0.0,0,0
259,"02.광택코팅제(터치,카럭스,파스포일러,클레버)",물왁스,70,2,2.86,198,396
260,"02.광택코팅제(터치,카럭스,파스포일러,클레버)",발수코팅제,13,0,0.0,0,0
261,"02.광택코팅제(터치,카럭스,파스포일러,클레버)",왁스탈지제,125,0,0.0,0,0
262,"02.광택코팅제(터치,카럭스,파스포일러,클레버)",자동차물왁스추천,"1,112",9,0.81,189,"1,705"
263,"02.광택코팅제(터치,카럭스,파스포일러,클레버)",자동차왁스,329,5,1.52,220,"1,100"
264,"02.광택코팅제(터치,카럭스,파스포일러,클레버)",카럭스,795,3,0.38,125,374
265,"02.광택코팅제(터치,카럭스,파스포일러,클레버)",파스포일러,50,1,2.0,77,77
266,"02.광택코팅제(터치,카럭스,파스포일러,클레버)",페인트클렌져,39,0,0.0,0,0
267,"02.광택코팅제(터치,카럭스,파스포일러,클레버)",폴리쉬클레버,38,0,0.0,0,0
268,03. 가죽클리너(3in1),가죽관리,14,0,0.0,0,0
269,03. 가죽클리너(3in1),가죽관리제,220,0,0.0,0,0
270,03. 가죽클리너(3in1),가죽보호제,31,4,12.91,220,880
271,03. 가죽클리너(3in1),가죽세정제,14,0,0.0,0,0
272,03. 가죽클리너(3in1),가죽시트클리너,206,0,0.0,0,0
273,03. 가죽클리너(3in1),가죽크리너,9,0,0.0,0,0
274,03. 가죽클리너(3in1),더마클리너,126,5,3.97,121,605
275,03. 가죽클리너(3in1),레더3IN1,1,0,0.0,0,0
276,03. 가죽클리너(3in1),마프라가죽세정제,235,2,0.86,77,154
277,03. 가죽클리너(3in1),마프라가죽코팅제,48,1,2.09,77,77
278,03. 가죽클리너(3in1),마프라레더3IN1,7,1,14.29,77,77
279,03. 가죽클리너(3in1),풀리맥스,118,1,0.85,110,110
280,04. 스티커제거제(버그클리너),마프라버그클리너,9,0,0.0,0,0
281,04. 스티커제거제(버그클리너),마프라킬러,143,0,0.0,0,0
282,04. 스티커제거제(버그클리너),버그리무버,297,0,0.0,0,0
283,04. 스티커제거제(버그클리너),버그크리너,863,1,0.12,209,209
284,04. 스티커제거제(버그클리너),버그클리너,725,0,0.0,0,0
285,04. 스티커제거제(버그클리너),벌레제거제,16,0,0.0,0,0
286,04. 스티커제거제(버그클리너),자동차벌레자국,945,5,0.53,167,836
287,04. 스티커제거제(버그클리너),자동차새똥,616,0,0.0,0,0
288,04. 스티커제거제(버그클리너),차새똥,"1,737",3,0.18,172,517
289,05. 엔진룸세척(HP12),다목적세정제,146,0,0.0,0,0
290,05. 엔진룸세척(HP12),마프라HP,8,1,12.5,77,77
291,05. 엔진룸세척(HP12),마프라PH12,9,2,22.23,77,154
292,05. 엔진룸세척(HP12),마프라다목적세정제,41,2,4.88,132,264
293,05. 엔진룸세척(HP12),엔진룸세정제,"2,860",32,1.12,134,"4,279"
294,05. 엔진룸세척(HP12),엔진룸세척,"1,632",15,0.92,125,"1,881"
295,05. 엔진룸세척(HP12),엔진룸청소,"23,634",300,1.27,161,"48,301"
296,05. 엔진룸세척(HP12),엔진룸크리너,"9,626",88,0.92,146,"12,837"
297,05. 엔진룸세척(HP12),차량엔진룸청소,456,8,1.76,107,858
298,"06. 카샴푸(파워,샴푸앤왁스)",마프라샴푸,78,2,2.57,77,154
299,"06. 카샴푸(파워,샴푸앤왁스)",마프라샴푸앤왁스,8,0,0.0,0,0
300,"06. 카샴푸(파워,샴푸앤왁스)",마프라샴푸파워,100,1,1.0,77,77
301,"06. 카샴푸(파워,샴푸앤왁스)",마프라세정제,16,0,0.0,0,0
302,"06. 카샴푸(파워,샴푸앤왁스)",마프라카샴푸,320,2,0.63,286,572
303,"06. 카샴푸(파워,샴푸앤왁스)",샴푸앤왁스,2,0,0.0,0,0
304,"06. 카샴푸(파워,샴푸앤왁스)",샴푸파워,65,4,6.16,88,352
305,"06. 카샴푸(파워,샴푸앤왁스)",카샴푸,45,1,2.23,209,209
306,07. 휠세정광택제,휠세정광택제,392,0,0.0,0,0
307,08. 유리세정제,유리세정제,11,0,0.0,0,0
308,08. 유리세정제,유리창세정제,600,1,0.17,198,198
309,08. 유리세정제,유리클리너,788,0,0.0,0,0
310,08. 유리세정제,자동차유리세정제,197,4,2.04,212,847
311,08. 유리세정제,차량용유리세정제,291,3,1.04,209,627
312,08. 유리세정제,차량유리세정제,350,0,0.0,0,0
313,09. 페인트클렌져(폴리쉬클레버),마프라페인트클렌저,74,1,1.36,77,77
314,09. 페인트클렌져(폴리쉬클레버),마프라페인트클렌져,116,1,0.87,132,132
315,09. 페인트클렌져(폴리쉬클레버),마프라페클,154,2,1.3,77,154
316,09. 페인트클렌져(폴리쉬클레버),페인트클렌져,"3,995",6,0.16,207,"1,243"
317,09. 페인트클렌져(폴리쉬클레버),페인트클렌징,456,7,1.54,324,"2,266"
318,08. 유리세정제 낫아이스,낫아이스,9,1,11.12,77,77
319,08. 유리세정제 낫아이스,낫아이스파워,2,1,50.0,77,77
320,08. 유리세정제 낫아이스,마프라낫아이스,11,1,9.1,77,77
321,08. 유리세정제 낫아이스,마프라낫아이스파워,3,1,33.34,77,77
322,08. 유리세정제 낫아이스,마프라성애제거제,1,0,0.0,0,0
323,08. 유리세정제 낫아이스,마프라성에제거,1,1,100.0,77,77
324,00. 브랜드키워드_상품명,-,"42,579","2,874",6.75,195,"559,603"
325,타이어세정광택제,-,"35,514",648,1.83,"1,816","1,176,780"
326,광택코팅제,-,"51,851",395,0.77,"1,278","504,955"
327,가죽클리너,-,"73,033",352,0.49,"1,853","652,135"
328,스티커제거제,-,"20,116",526,2.62,"1,818","956,307"
329,엔진룸세척,-,14,1,7.15,55,55
330,카샴푸,-,"19,106",434,2.28,"1,277","554,147"
331,휠세정광택제,-,"10,652",231,2.17,"1,712","395,560"
332,유리코팅제,-,"9,248",71,0.77,672,"47,729"
333,차량용방향제,-,"26,772",43,0.17,"1,693","72,787"
334,유리세정제,-,"9,658",280,2.9,"1,446","404,943"
335,00. 마프라 2,-,344,37,10.76,341,"12,606"
336,01. 타이어세정광택제,-,"1,758",43,2.45,"1,864","80,157"
337,02. 광택코팅제,-,677,19,2.81,"1,067","20,273"
338,03. 가죽클리너,-,329,13,3.96,"1,290","16,775"
339,05. 스티커제거제,-,"3,363",106,3.16,"1,999","211,915"
340,06. 엔진룸세척,-,5,0,0.0,0,0
341,07. 카샴푸,-,402,11,2.74,670,"7,370"
342,08. 휠세정광택제,-,906,24,2.65,"1,817","43,615"
343,10. 유리코팅제,-,652,4,0.62,"1,034","4,136"
344,11. 차량용방향제,-,"3,061",11,0.36,"1,789","19,679"
345,12. 유리세정제,-,347,4,1.16,872,"3,487"
346,00. 마프라 2,-,257,5,1.95,662,"3,311"
347,01. 타이어세정광택제,-,900,13,1.45,"1,250","16,247"
348,02. 광택코팅제,-,205,12,5.86,"1,167","14,003"
349,03. 가죽클리너,-,312,8,2.57,"1,712","13,695"
350,05. 스티커제거제,-,"1,304",27,2.08,"1,828","49,368"
351,06. 엔진룸세척,-,5,0,0.0,0,0
352,07. 카샴푸,-,792,22,2.78,"1,188","26,125"
353,08. 휠세정광택제,-,369,5,1.36,"1,951","9,757"
354,10. 유리코팅제,-,606,8,1.33,"1,851","14,806"
355,11. 차량용방향제,-,"1,023",6,0.59,"1,947","11,682"
356,12. 유리세정제,-,230,5,2.18,"1,619","8,096"
357,00. 마프라 2,-,"2,098",118,5.63,273,"32,175"
358,01. 타이어세정광택제,-,"20,560",461,2.25,"1,809","833,899"
359,02. 광택코팅제,-,"30,727",273,0.89,"1,466","400,246"
360,03. 가죽클리너,-,"16,962",161,0.95,"1,636","263,329"
361,05. 스티커제거제,-,"27,118",308,1.14,"1,873","576,906"
362,06. 엔진룸세척,-,40,1,2.5,55,55
363,07. 카샴푸,-,"10,787",254,2.36,"1,105","280,775"
364,08. 휠세정광택제,-,"3,590",85,2.37,"1,864","158,422"
365,10. 유리코팅제,-,"9,565",85,0.89,"1,846","156,871"
366,11. 차량용방향제,-,"17,207",47,0.28,"1,563","73,469"
367,12. 유리세정제,-,"3,454",102,2.96,"1,751","178,574"
368,방수스프레이,-,17,0,0.0,0,0
369,13. 방수스프레이,-,27,0,0.0,0,0
370,13. 방수스프레이,-,259,13,5.02,961,"12,496"
371,13. 방수스프레이,-,173,6,3.47,"1,021","6,127"
372,00. 브랜드키워드_마프라,-,"76,708","1,434",1.87,222,"318,241"
373,00. 마프라 1,-,"1,371",26,1.9,650,"16,907"
374,00. 마프라 1,-,"5,660",90,1.6,627,"56,408"
375,00. 마프라 1,-,52,1,1.93,429,429
376,안전장갑,-,34,0,0.0,0,0
377,15. 안전장갑,-,2,1,50.0,66,66
378,15. 안전장갑,-,1,0,0.0,0,0
379,15. 안전장갑,-,12,0,0.0,0,0
380,00. 상위(상시체크),-,"27,097",862,3.19,"1,397","1,204,214"
381,01. 상품별효율키워드,-,"606,355","11,234",1.86,"1,544","17,348,892"
382,00. 브랜드키워드_라보코스메티카,-,"14,931",222,1.49,170,"37,752"
383,02. 마프라 기존키워드,-,"43,598",896,2.06,795,"712,019"
384,03. 라보코스 기존키워드,-,"70,428",971,1.38,313,"303,787"
385,브랜드검색_PC,라보코스메티카,929,411,44.25,0,0
386,브랜드검색_PC,마프라,"3,746","1,748",46.67,0,0
387,브랜드검색_PC,마프라가죽,51,3,5.89,0,0
388,브랜드검색_PC,마프라가죽세정제,51,4,7.85,0,0
389,브랜드검색_PC,마프라몰,105,60,57.15,0,0
390,브랜드검색_PC,마프라버그클리너,42,0,0.0,0,0
391,브랜드검색_PC,마프라에네르고,39,6,15.39,0,0
392,브랜드검색_PC,마프라왁스,32,3,9.38,0,0
393,브랜드검색_PC,마프라카럭스,89,6,6.75,0,0
394,브랜드검색_PC,마프라코리아,119,51,42.86,0,0
395,브랜드검색_PC,마프라패스트블랙,45,0,0.0,0,0
396,브랜드검색_PC,마프라폴아웃,171,10,5.85,0,0
397,브랜드검색_PC,마프라프리머스,396,57,14.4,0,0
398,브랜드검색_PC,마프라휠앤타이어,"1,665",124,7.45,0,0
399,브랜드검색_모바일,라보코스메티카,"4,192","1,091",26.03,0,0
400,브랜드검색_모바일,마프라,"13,741","4,985",36.28,0,0
401,브랜드검색_모바일,마프라가죽,298,6,2.02,0,0
402,브랜드검색_모바일,마프라가죽세정제,186,6,3.23,0,0
403,브랜드검색_모바일,마프라몰,287,119,41.47,0,0
404,브랜드검색_모바일,마프라버그클리너,159,6,3.78,0,0
405,브랜드검색_모바일,마프라에네르고,126,5,3.97,0,0
406,브랜드검색_모바일,마프라왁스,247,10,4.05,0,0
407,브랜드검색_모바일,마프라코리아,349,136,38.97,0,0
408,브랜드검색_모바일,마프라패스트블랙,87,0,0.0,0,0
409,브랜드검색_모바일,마프라휠앤타이어,"8,052",414,5.15,0,0
410,브랜드검색_PC,라보코스메티카,201,89,44.28,0,0
411,브랜드검색_PC,마프라,910,473,51.98,0,0
412,브랜드검색_PC,마프라가죽,16,0,0.0,0,0
413,브랜드검색_PC,마프라가죽세정제,24,2,8.34,0,0
414,브랜드검색_PC,마프라몰,30,21,70.0,0,0
415,브랜드검색_PC,마프라에네르고,14,0,0.0,0,0
416,브랜드검색_PC,마프라왁스,3,0,0.0,0,0
417,브랜드검색_PC,마프라카럭스,18,2,11.12,0,0
418,브랜드검색_PC,마프라코리아,35,22,62.86,0,0
419,브랜드검색_PC,마프라패스트블랙,4,0,0.0,0,0
420,브랜드검색_PC,마프라폴아웃,17,1,5.89,0,0
421,브랜드검색_PC,마프라프리머스,67,15,22.39,0,0
422,브랜드검색_PC,마프라휠앤타이어,356,29,8.15,0,0
423,브랜드검색_PC,에네르고,28,3,10.72,0,0
424,브랜드검색_PC,퓨리피카,123,10,8.14,0,0
